<eml:eml xmlns:eml="eml://ecoinformatics.org/eml-2.1.1"
         xmlns:dc="http://purl.org/dc/terms/"
         xmlns:xsi="http://www.w3.org/2001/XMLSchema-instance"
         xsi:schemaLocation="eml://ecoinformatics.org/eml-2.1.1 http://rs.gbif.org/schema/eml-gbif-profile/1.1/eml.xsd"
         packageId="http://ipt.iobis.org/obis-env/resource?id=rls-subset/v1.5" system="http://gbif.org" scope="system"
         xml:lang="eng">

<dataset>
  <alternateIdentifier>http://ipt.iobis.org/obis-env/resource?r=rls-subset</alternateIdentifier>
  <title xml:lang="eng">Reef Life Survey subset</title>
      <creator>
    <individualName>
        <givenName>Pieter</givenName>
      <surName>Provoost</surName>
    </individualName>
    <organizationName>UNESCO</organizationName>
    <positionName>Data Manager</positionName>
    <address>
        <deliveryPoint>Wandelaarkaai 7/61</deliveryPoint>
        <city>Oostende</city>
        <administrativeArea>België</administrativeArea>
        <postalCode>8400</postalCode>
        <country>BE</country>
    </address>
    <phone>+32478574420</phone>
    <electronicMailAddress>p.provoost@unesco.org</electronicMailAddress>
      </creator>
      <metadataProvider>
    <individualName>
        <givenName>Pieter</givenName>
      <surName>Provoost</surName>
    </individualName>
    <organizationName>UNESCO</organizationName>
    <positionName>Data Manager</positionName>
    <address>
        <deliveryPoint>Wandelaarkaai 7/61</deliveryPoint>
        <city>Oostende</city>
        <administrativeArea>België</administrativeArea>
        <postalCode>8400</postalCode>
        <country>BE</country>
    </address>
    <phone>+32478574420</phone>
    <electronicMailAddress>p.provoost@unesco.org</electronicMailAddress>
      </metadataProvider>
      <associatedParty>
    <individualName>
        <givenName>Pieter</givenName>
      <surName>Provoost</surName>
    </individualName>
    <electronicMailAddress>p.provoost@unesco.org</electronicMailAddress>
    <role>user</role>
      </associatedParty>
  <pubDate>
      2017-11-14
  </pubDate>
  <language>eng</language>
  <abstract>
    <para>Reef Life Survey subset, contains, fish, cryptic fish, invertebrates and habitat data.</para>
  </abstract>
      <keywordSet>
            <keyword>Samplingevent</keyword>
        <keywordThesaurus>GBIF Dataset Type Vocabulary: http://rs.gbif.org/vocabulary/gbif/dataset_type.xml</keywordThesaurus>
      </keywordSet>
  <intellectualRights>
    <para>To the extent possible under law, the publisher has waived all rights to these data and has dedicated them to the <ulink url="http://creativecommons.org/publicdomain/zero/1.0/legalcode"><citetitle>Public Domain (CC0 1.0)</citetitle></ulink>. Users may copy, modify, distribute and use the work, including for commercial purposes, without restriction.</para>
  </intellectualRights>
  <maintenance>
    <description>
      <para></para>
    </description>
    <maintenanceUpdateFrequency>unkown</maintenanceUpdateFrequency>
  </maintenance>

      <contact>
    <individualName>
        <givenName>Pieter</givenName>
      <surName>Provoost</surName>
    </individualName>
    <organizationName>UNESCO</organizationName>
    <positionName>Data Manager</positionName>
    <address>
        <deliveryPoint>Wandelaarkaai 7/61</deliveryPoint>
        <city>Oostende</city>
        <administrativeArea>België</administrativeArea>
        <postalCode>8400</postalCode>
        <country>BE</country>
    </address>
    <phone>+32478574420</phone>
    <electronicMailAddress>p.provoost@unesco.org</electronicMailAddress>
      </contact>
</dataset>
  <additionalMetadata>
    <metadata>
      <gbif>
          <dateStamp>2017-10-17T05:02:34.900+02:00</dateStamp>
          <hierarchyLevel>dataset</hierarchyLevel>
          <dc:replaces>http://ipt.iobis.org/obis-env/resource?id=rls-subset/v1.5.xml</dc:replaces>
      </gbif>
    </metadata>
  </additionalMetadata>
</eml:eml>
