id	type	eventID	parentEventID	eventDate	locationID	higherGeography	country	stateProvince	locality	minimumDepthInMeters	maximumDepthInMeters	decimalLatitude	decimalLongitude
COR11	site	COR11			COR11	Great Barrier Reef	Australia	Queensland	Hastings Reef			-16.53	145.99
COR10	site	COR10			COR10	Great Barrier Reef	Australia	Queensland	Michaelmis Cay			-16.6	145.97
COR3	site	COR3			COR3	Great Barrier Reef	Australia	Queensland	Norman Reef Pontoon			-16.43	145.99
4000678	survey	4000678	COR11	2010-07-01T00:00:00						6.4	6.4		
4000679	survey	4000679	COR11	2010-07-01T00:00:00						8.1	8.1		
4000680	survey	4000680	COR11	2010-07-05T00:00:00						6	6		
4000691	survey	4000691	COR3	2010-07-01T00:00:00						5	5		
4000682	survey	4000682	COR10	2010-07-01T00:00:00						8.5	8.5		
4000684	survey	4000684	COR10	2010-07-05T00:00:00						5	5		
4000683	survey	4000683	COR10	2010-07-01T00:00:00						9.1	9.1		
4000681	survey	4000681	COR11	2010-07-05T00:00:00						7	7		
912347684	survey	912347684	COR11	2017-01-10T00:00:00						8	8		
912347685	survey	912347685	COR11	2017-01-11T00:00:00						6	6		
4000685	survey	4000685	COR10	2010-07-05T00:00:00						6.5	6.5		
4000681_fish	fish survey	4000681_fish	4000681										
912347684_fish	fish survey	912347684_fish	912347684										
912347685_fish	fish survey	912347685_fish	912347685										
4000678_fish	fish survey	4000678_fish	4000678										
4000679_fish	fish survey	4000679_fish	4000679										
4000680_fish	fish survey	4000680_fish	4000680										
4000684_fish	fish survey	4000684_fish	4000684										
4000685_fish	fish survey	4000685_fish	4000685										
4000682_fish	fish survey	4000682_fish	4000682										
4000683_fish	fish survey	4000683_fish	4000683										
4000691_fish	fish survey	4000691_fish	4000691										
912347684_cryptic	cryptic fish survey	912347684_cryptic	912347684										
912347685_cryptic	cryptic fish survey	912347685_cryptic	912347685										
4000691_cryptic	cryptic fish survey	4000691_cryptic	4000691										
4000682_cryptic	cryptic fish survey	4000682_cryptic	4000682										
4000683_cryptic	cryptic fish survey	4000683_cryptic	4000683										
4000684_cryptic	cryptic fish survey	4000684_cryptic	4000684										
4000685_cryptic	cryptic fish survey	4000685_cryptic	4000685										
4000678_cryptic	cryptic fish survey	4000678_cryptic	4000678										
4000679_cryptic	cryptic fish survey	4000679_cryptic	4000679										
4000680_cryptic	cryptic fish survey	4000680_cryptic	4000680										
4000681_cryptic	cryptic fish survey	4000681_cryptic	4000681										
4000682_invertebrates	invertebrates survey	4000682_invertebrates	4000682										
4000683_invertebrates	invertebrates survey	4000683_invertebrates	4000683										
4000684_invertebrates	invertebrates survey	4000684_invertebrates	4000684										
4000685_invertebrates	invertebrates survey	4000685_invertebrates	4000685										
4000678_invertebrates	invertebrates survey	4000678_invertebrates	4000678										
4000679_invertebrates	invertebrates survey	4000679_invertebrates	4000679										
4000680_invertebrates	invertebrates survey	4000680_invertebrates	4000680										
4000681_invertebrates	invertebrates survey	4000681_invertebrates	4000681										
912347684_invertebrates	invertebrates survey	912347684_invertebrates	912347684										
912347685_invertebrates	invertebrates survey	912347685_invertebrates	912347685										
4000691_invertebrates	invertebrates survey	4000691_invertebrates	4000691										
4000678_habitat	habitat survey	4000678_habitat	4000678										
4000679_habitat	habitat survey	4000679_habitat	4000679										
4000680_habitat	habitat survey	4000680_habitat	4000680										
4000691_habitat	habitat survey	4000691_habitat	4000691										
4000682_habitat	habitat survey	4000682_habitat	4000682										
4000684_habitat	habitat survey	4000684_habitat	4000684										
4000683_habitat	habitat survey	4000683_habitat	4000683										
4000681_fish_2	block	4000681_fish_2	4000681_fish										
4000681_fish_1	block	4000681_fish_1	4000681_fish										
912347684_fish_1	block	912347684_fish_1	912347684_fish										
912347684_fish_2	block	912347684_fish_2	912347684_fish										
912347685_fish_1	block	912347685_fish_1	912347685_fish										
912347685_fish_2	block	912347685_fish_2	912347685_fish										
4000678_fish_1	block	4000678_fish_1	4000678_fish										
4000678_fish_2	block	4000678_fish_2	4000678_fish										
4000679_fish_1	block	4000679_fish_1	4000679_fish										
4000679_fish_2	block	4000679_fish_2	4000679_fish										
4000680_fish_2	block	4000680_fish_2	4000680_fish										
4000680_fish_1	block	4000680_fish_1	4000680_fish										
4000684_fish_1	block	4000684_fish_1	4000684_fish										
4000684_fish_2	block	4000684_fish_2	4000684_fish										
4000685_fish_1	block	4000685_fish_1	4000685_fish										
4000685_fish_2	block	4000685_fish_2	4000685_fish										
4000682_fish_1	block	4000682_fish_1	4000682_fish										
4000682_fish_2	block	4000682_fish_2	4000682_fish										
4000683_fish_1	block	4000683_fish_1	4000683_fish										
4000683_fish_2	block	4000683_fish_2	4000683_fish										
4000691_fish_2	block	4000691_fish_2	4000691_fish										
4000691_fish_1	block	4000691_fish_1	4000691_fish										
912347684_cryptic_2	block	912347684_cryptic_2	912347684_cryptic										
912347684_cryptic_1	block	912347684_cryptic_1	912347684_cryptic										
912347685_cryptic_1	block	912347685_cryptic_1	912347685_cryptic										
912347685_cryptic_2	block	912347685_cryptic_2	912347685_cryptic										
4000691_cryptic_1	block	4000691_cryptic_1	4000691_cryptic										
4000691_cryptic_2	block	4000691_cryptic_2	4000691_cryptic										
4000682_cryptic_2	block	4000682_cryptic_2	4000682_cryptic										
4000682_cryptic_1	block	4000682_cryptic_1	4000682_cryptic										
4000683_cryptic_1	block	4000683_cryptic_1	4000683_cryptic										
4000683_cryptic_2	block	4000683_cryptic_2	4000683_cryptic										
4000684_cryptic_1	block	4000684_cryptic_1	4000684_cryptic										
4000684_cryptic_2	block	4000684_cryptic_2	4000684_cryptic										
4000685_cryptic_1	block	4000685_cryptic_1	4000685_cryptic										
4000685_cryptic_2	block	4000685_cryptic_2	4000685_cryptic										
4000678_cryptic_2	block	4000678_cryptic_2	4000678_cryptic										
4000678_cryptic_1	block	4000678_cryptic_1	4000678_cryptic										
4000679_cryptic_1	block	4000679_cryptic_1	4000679_cryptic										
4000679_cryptic_2	block	4000679_cryptic_2	4000679_cryptic										
4000680_cryptic_2	block	4000680_cryptic_2	4000680_cryptic										
4000680_cryptic_1	block	4000680_cryptic_1	4000680_cryptic										
4000681_cryptic_1	block	4000681_cryptic_1	4000681_cryptic										
4000681_cryptic_2	block	4000681_cryptic_2	4000681_cryptic										
4000682_invertebrates_1	block	4000682_invertebrates_1	4000682_invertebrates										
4000682_invertebrates_2	block	4000682_invertebrates_2	4000682_invertebrates										
4000683_invertebrates_1	block	4000683_invertebrates_1	4000683_invertebrates										
4000683_invertebrates_2	block	4000683_invertebrates_2	4000683_invertebrates										
4000684_invertebrates_1	block	4000684_invertebrates_1	4000684_invertebrates										
4000684_invertebrates_2	block	4000684_invertebrates_2	4000684_invertebrates										
4000685_invertebrates_1	block	4000685_invertebrates_1	4000685_invertebrates										
4000685_invertebrates_2	block	4000685_invertebrates_2	4000685_invertebrates										
4000678_invertebrates_1	block	4000678_invertebrates_1	4000678_invertebrates										
4000678_invertebrates_2	block	4000678_invertebrates_2	4000678_invertebrates										
4000679_invertebrates_1	block	4000679_invertebrates_1	4000679_invertebrates										
4000679_invertebrates_2	block	4000679_invertebrates_2	4000679_invertebrates										
4000680_invertebrates_2	block	4000680_invertebrates_2	4000680_invertebrates										
4000680_invertebrates_1	block	4000680_invertebrates_1	4000680_invertebrates										
4000681_invertebrates_1	block	4000681_invertebrates_1	4000681_invertebrates										
4000681_invertebrates_2	block	4000681_invertebrates_2	4000681_invertebrates										
912347684_invertebrates_1	block	912347684_invertebrates_1	912347684_invertebrates										
912347684_invertebrates_2	block	912347684_invertebrates_2	912347684_invertebrates										
912347685_invertebrates_2	block	912347685_invertebrates_2	912347685_invertebrates										
912347685_invertebrates_1	block	912347685_invertebrates_1	912347685_invertebrates										
4000691_invertebrates_1	block	4000691_invertebrates_1	4000691_invertebrates										
4000691_invertebrates_2	block	4000691_invertebrates_2	4000691_invertebrates										
